{
    "train_mae": 0.2473812671243555,
    "test_mae": 0.24945983839941646,
    "train_rmse": 0.284594081733132,
    "test_rmse": 0.29016956034353575,
    "train_mape": 2.906095790952788,
    "test_mape": 1.6282511932012793,
    "train_accuracy": 20.0,
    "test_accuracy": 19.897959183673468
}