{
    "train_mae": 0.008222935656416233,
    "test_mae": 0.008387033610093676,
    "train_rmse": 0.013352111657449465,
    "test_rmse": 0.013998274288180138,
    "train_accuracy": 84.2742402147999,
    "test_accuracy": 83.92741412832146
}