{
    "train_mae": 2.0257051035992784,
    "test_mae": 9.94957850505961,
    "train_rmse": 2.729829116454197,
    "test_rmse": 15.379864417114103,
    "train_mape": 0.010985200644898474,
    "test_mape": 0.055321243631828526,
    "train_r2": 0.999686302860599,
    "test_r2": 0.9907187386059148
}